{
    "eye_centre": [
        [
            88.13546063256499
        ],
        [
            34.09208839140696
        ],
        [
            3333.3333333333335
        ]
    ],
    "aver_eye_radius": 98.74189406875712
}